[
  {
    "courseId": 301,
    "courseName": "Introduction to Artificial Intelligence //",
    "slug": "udacity-introduction-to-artificial-intelligence", 
    "provider": "Udacity //",
    "universitiesInstitutions": "Stanford University //",
    "parentSubject": "Computer Science //",
    "childSubject": "Artificial Intelligence //",
    "category": "Artificial Intelligence",
    "url": "https://www.coursera.org/learn/jews-in-china",
    "nextSessionDate": "Self paced",
    "length": "10 //",
    "language": "English",
    "videoUrl": "https://www.youtube.com/watch?feature=player_embedded&v=BnIJ7Ba5Sr4",
    "courseDescription": "Online Introduction to Artificial Intelligence is based on Stanford CS221, Introduction to Artificial Intelligence. This class introduces students to the basics of Artificial Intelligence, which includes machine learning, probabilistic reasoning, robotics, and natural language processing.\n\nThe objective of this class is to teach you modern AI. You learn about the basic techniques and tricks of the trade, at the same level we teach our Stanford students. We also aspire to excite you about the field of AI. Whether you are a seasoned professional, a college student, or a curious high school student - everyone can participate.",
    "credentialName": "",
    "created": "",
    "status": "selfpaced",
    "rating": 4.0833333333333,
    "numberOfRatings": 24,
    "certificate": "",
    "workload": "6 hours a week //"
  },
  {
    "courseId": 303,
    "courseName": "Introduction to Databases",
    "slug": "coursera-introduction-to-databases",
    "provider": "Coursera",
    "universitiesInstitutions": "Stanford University",
    "parentSubject": "Programming",
    "childSubject": "Databases",
    "category": "Databases",
    "url": "https://www.coursera.org/course/db",
    "nextSessionDate": 2015,
    "length": "",
    "language": "English",
    "videoUrl": "",
    "courseDescription": "This course covers database design and the use of database management systems for applications.",
    "credentialName": "",
    "created": "",
    "status": "past",
    "rating": 4.6774193548387,
    "numberOfRatings": 31,
    "certificate": "",
    "workload": ""
  },
  {
    "courseId": 305,
    "courseName": "Software as a Service",
    "slug": "coursera-software-as-a-service",
    "provider": "Coursera",
    "universitiesInstitutions": "University of California, Berkeley",
    "parentSubject": "Programming",
    "childSubject": "Web Development",
    "category": "Web Development",
    "url": "https://www.coursera.org/course/saas",
    "nextSessionDate": "20th Feb, 2012",
    "length": 5,
    "language": "English",
    "videoUrl": "https://www.youtube.com/watch?v=4PZD0rOlWH8&feature=player_embedded",
    "courseDescription": "",
    "credentialName": "",
    "created": "",
    "status": "past",
    "rating": 3.3333333333333,
    "numberOfRatings": 3,
    "certificate": "",
    "workload": ""
  },
  {
    "courseId": 306,
    "courseName": "Human-Computer Interaction",
    "slug": "coursera-human-computer-interaction",
    "provider": "Coursera",
    "universitiesInstitutions": "University of California, San Diego",
    "parentSubject": "Art & Design",
    "childSubject": "Design & Creativity",
    "category": "Design & Creativity",
    "url": "https://www.coursera.org/course/hciucsd",
    "nextSessionDate": "30th Jun, 2014",
    "length": 9,
    "language": "English",
    "videoUrl": "https://d1a2y8pfnfh44t.cloudfront.net/1c957d909cf011e3bdfb3bc0208fe717/|||https://d15cw65ipctsrr.cloudfront.net/ec/d8bb10352b11e4b07f0965d0c0162f/hci-large-icon.png",
    "courseDescription": "Helping you build human-centered design skills, so that you have the principles and methods to create excellent interfaces with any technology.",
    "credentialName": "",
    "created": "",
    "status": "past",
    "rating": 4.4166666666667,
    "numberOfRatings": 12,
    "certificate": 1,
    "workload": "10-12 hours a week"
  },
  {
    "courseId": 307,
    "courseName": "Natural Language Processing",
    "slug": "coursera-natural-language-processing",
    "provider": "Coursera",
    "universitiesInstitutions": "Columbia University",
    "parentSubject": "Computer Science",
    "childSubject": "Artificial Intelligence",
    "category": "Artificial Intelligence",
    "url": "https://www.coursera.org/course/nlp",
    "nextSessionDate": "",
    "length": 10,
    "language": "English",
    "videoUrl": "",
    "courseDescription": "Have you ever wondered how to build a system that automatically translates between languages? Or a system that can understand natural language instructions from a human?  This class will cover the fundamentals of mathematical and computational models of language, and the application of these models to key problems in natural language processing.",
    "credentialName": "",
    "created": "",
    "status": "",
    "rating": 4.5714285714286,
    "numberOfRatings": 7,
    "certificate": 1,
    "workload": "8-10 hours a week"
  }
]
