{
  "skillListing": [{
      "skillID": 1,
      "skillTheme": "Data Scientist",
      "skillDomain": ["Data Science", "Machine Learning", "Statistical Learning"],
      "skills": ["Statistics", "Linear Algebra", "Calculus", "Exploratory Data Analysis", "Algorithms", "Problem Solving", "Presentation"],
      "skillTags": ["Python", "R", "SQL", "Julia", "C++", "VBA", "Excel", "Matplotlib", "Pandas", "Numpy", "Scikit Learn"],
      "skillTagsRecommended": ["Python", "R", "SQL", "Julia", "C++", "VBA", "Excel", "Matplotlib"]
    },
    {
      "skillID": 2,
      "skillTheme": "Data Engineer",
      "skillDomain": ["Big Data", "Data Engineering", "Database", "NoSQL", "Graph Database"],
      "skills": ["Hadoop", "Big Data", "Programming", "Scripting", "Algorithms", "Problem Solving"],
      "skillTags": ["Python", "Scala", "SQL", "Java", "C++", "Kafka", "Spark", "Apache", "Cloudera", "Hortonwork", "NIFI", "ETL", "NoSQL"],
      "skillTagsRecommended": ["Python", "Scala", "SQL", "Java", "C++", "Kafka", "Spark", "Apache", "Cloudera"]
    },
    {
      "skillID": 3,
      "skillTheme": "Machine Learning",
      "skillDomain": ["Data Science", "Statistics", "Artificial Intelligence", "Deep Learning"],
      "skills": ["Linear Algebra", "Algorithms", "Supervised Learning", "Unsupervised Learning", "Reinforcement Learning", "Statistics", "Algorithms", "Problem Solving"],
      "skillTags": ["Python", "Scala", "SQL", "Java", "C++", "R", "Julia", "Pandas", "Numpy", "Scikit Learn", "NoSQL", "NLP", "Tensor Flow"],
      "skillTagsRecommended": ["Python", "Scala", "SQL", "Java", "C++", "R", "Julia", "Pandas", "Numpy"]
    },
    {
      "skillID": 4,
      "skillTheme": "Data Visualisation",
      "skillDomain": ["Data Science", "Statistics", "Business Intelligence", "Dimensional Modelling", "Data Visualization"],
      "skills": ["Data Visualization", "Presentation", "Exploratory Data Analysis", "Statistics", "Algorithms", "Problem Solving"],
      "skillTags": ["Python", "JavaScript", "SQL", "BusinessIntelligence", "Tableau", "R", "Qlik", "Pandas", "Numpy", "Matplotlib", "D3", "ReactJS", "Angular"],
      "skillTagsRecommended": ["Python", "JavaScript", "SQL", "Pandas", "Numpy", "Matplotlib", "D3", "ReactJS", "Angular"]
    },
    {
      "skillID": 5,
      "skillTheme": "Data Analyst",
      "skillDomain": ["Data Science", "Statistics", "Business Intelligence", "Dimensional Modelling"],
      "skills": ["Visualisation", "Presentation", "Exploratory Data Analysis", "Statistics", "Algorithms", "Problem Solving"],
      "skillTags": ["Tableau", "Excel", "VBA", "SQL", "BusinessIntelligence", "QlikView", "R", "Python", "Pandas", "Numpy", "Matplotlib"],
      "skillTagsRecommended": ["Tableau", "Excel", "VBA", "SQL", "BusinessIntelligence", "QlikView", "R"]
    }
  ]
}